idx,text,confidence,real_Y
0,"Its like that, if you want or not.“ ME: I have no problem, if it takes longer. But you asked my friend for help and let him wait for one hour and then you haven’t prepared anything. Thats not what you asked for. Instead of 3 hours, he helped you for 10 hours till 5am...",0.8,0
4,"I haven’t said anything to him yet because I’m not sure how someone would take hearing that their partner has such fluctuations of feelings towards them (especially since he told me he loves me and is somewhat clingy). Nonetheless, I know a conversation will need to be had but I want to get my feelings in order first. What would y’all recommend, Reddit? TL;DR I have “hot and warm” feelings towards my boyfriend. Can’t figure out why.",0.8,0
15,"Despite being younger than him, I have had more experiences with love and sex. He has always been curious about my past and even when I refuse telling him, he always asks me about my experiences with my exes or people who I have slept with. That's okay, I am a curious person too. He's older than me but I'm the first guy he had ever dated and I even took his virginity. The thing is, I know he feels jealous(?",0.8,0
18,"If I go to an interview for example, I'll know that I'm a good candidate, I'll know that if I don't get it there will always be other opportunities and it's no big deal. Yet I still get nervous because it's something that I want, I want that employer to like me. If I go to an interview with no expectations at all, not even wanting the job (I've done this a few times for practice interviewing), it'll turn out great. What are your thoughts on this? Edit: FYI I'm talking mostly about social anxiety, though it has happened that I get anxiety in the most random places like just going upstairs in a building.",0.6,0
19,"Like sleep would never be a simple thing for me. So recently, I accidentally fell asleep at 8pm and I found myself awake around 4am. I immediately felt like I had screwed myself. My instinct was to try to go back to sleep but I decided, for whatever reason, not to. What I discovered was amazing.",0.0,0
20,"Discovering LimeWire was like breathing in fresh mountain air in the early hours of the morning while there is dew glazed over the leaves on the trees and surrounding grass. I felt a real connection with Post Hardcore/ Alternative. During this time I knew of Anxiety, but I didn't know OF it. In other words, I considered it a personality trait and not something treatable, more or less just apart of me. Playing video games secluded in my room and swimming on a variety of swim teams kept me sane to an extent but I was living in an isolated bubble.",0.8,0
22,"*""When thinking about life, remember this: No amount of guilt can solve the past, and no amount of anxiety can change the future. ""* This is a quote I stumbled upon a few years ago that still sticks with me to this very day. At face value it presents the idea that anxiety is fueled by the very nature of what it's foundation is based on; **nothing. ** I keep an open mind these days, in fact, one can argue a quite possibly *too* open mind.",1.0,0
26,"I could be homeless soon, and that's not like ""anything possible"" but like it's gonna be possible soon. I was looking in my area and there are some nice areas where water meets land that are away from homes but still in the town. It seems exciting to live near the water, but I have no idea what I could face. I should say, I'm not afraid to be homeless, this isn't a bummer for me. I'm pretty stoic as well, but it's still nice to be prepared.",0.8,0
27,"Mushrooms, LSD, and DMT have  been the most effective means for me to solve my anxiety. If you choose to consume these drugs however, please be aware that these are powerful psychoactive substances that can have repercussions on your mental well being. Physically, they are incredibly safe. Personally, they allowed me to view my life free from the ego, which let me adopt a healthier mindset. If you are using drugs (Which includes alcohol) to escape your negative feelings, you are not solving the problem.",1.0,0
28,"If it is negative, don't reject the thought. Follow the thought as far as your mind wants to, and move on when you notice another thought arise. Again, this creates a barrier between you and your mind. * Flow: Have you ever played a game where you are completely in the moment? Maybe the ball was just thrown to you, and your body seems to react automatically.",1.0,0
29,"You have mental noise: These are thoughts that arise spontaneously and we have no control over. For some people these are very negative. Behind this mental noise we have the observer however, this is you. When you are engaged in a activity that creates flow, your mental noise is reduced, and the observer has complete control. Engaging in mediation allows us to get in contact with this observer, separating us from our mental noise.",1.0,0
34,"Should I stick around and save up my money? I mean college A and C are pretty good choices right? A is almost free and I could make the best of it, and C I could always figure things out my freshman year and then commute, and we could still see each other. Do you think we see each other too much? Should I limit my time with him?",0.6,0
40,"So, I've been homeless since about the first, but I was expecting this. What I wasn't expecting was the changes I've made in my life since becoming homeless. Thankfully I have a job, so I do have money. But I hate everywhere that's affordable to eat! I've been a big junk food/fast food fan for years, so I'm a bit overweight, but lately, I just don't seem to care for meat as much, and fast food is just so.. gross right now.",1.0,0
45,"Regarding my abuser, I still feel my heart ache with compassion, and the understanding that no human being is born a monster; it is an environment poisoned with violence they grew up in that guides them into life as an abuser. I have prayed every single day for John Doe and his foster family, in the hopes that he can overcome his inner demons and lead a life of peace. But if and when he finds a new woman to victimize and rob her of dignity, worth, and benevolence, I feel proud that I have taken steps to ensure that even if she is too afraid to step forward, I have taken that first step in her honor. I feel proud to have set the precedent to lead him on a path for growth and healing if he chooses. I feel proud to have broken that silence.",0.8,0
47,"I'll try to keep this short. I've never been able to feel empathy towards other people, I'm not a sociopath or anything (as far as I know), I know when I should feel bad for/with somebody but I can't make myself care as much as I want to. _ Anyways, my mothers best friend of 45 years just killed himself and she's pretty torn up about it. I gave her a hug and what not but I have no idea what else I'm supposed to do.",0.8,0
50,"None of the issues we discuss get addressed. 6) After a while, I get really pissed, my significant other gets angry with me over some issue, and she ends up breaking up with me. I am weary of this whole emotional drama that I have to go through to end a relationship. I almost feel like it's not even my choice to end a relationship. Is there a way to avoid this whole process?",0.6,0
52,"Like she said ""shes too much attached to her boyfriend, she knows that he fucks other girls but she cant break with him cause he will block her on fb and delete her phone number forever, he is her the best friend, soulmate"" Wtf? Run away and try to fall out of love or... or what? See what future will deliver? Im lost right now.",0.6,0
56,"Like, I don't think they happen if I distract myself with the Internet or doing some hobby that I like.  I remember feeling like this at least once a week ever since I was around 15 or so.   I used to have nightmares about either fighting for life with my brother or my dad or someone else, or about seizures happening to me or people around me every day. Now I have them maybe once a week or two. I get something that feels like an adrenaline rush when I'm bringing this up, for instance as I'm writing this, or when my brother decides to visit my mom, and sometimes it just happens randomly.",0.6,0
59,"My girlfriend and I have been amazingly strong for the last 8 months, shortly before new years she told me that she feels very much in ""love"" with me but ""doesnt feel right"". She wanted an unknown amount of time away from the relationship saying only a couple of weeks and still wanted to keep the same ground rules as when were together (monogomous, etc..) Shes vague when i try and talk to her about it, stating she just feels like somethings wrong and that shes doing this so she can fix her self and come back to 'us' stronger I talked to her again last night and as always shes adamant this is because she loves me and wants us to work more then anything... Shes never lied to me before, not even over little things so i have no reason to doubt her intentions. Basically i said i feel like her backup and i wanted to breakup untill this 'problem' is resolved so today we split for a month",0.6,0
60,"I was younger than 13 during my period of abuse and one thing I'm noticing now is that I can't wrap my head around consent. People tell me that I couldn't possibly consent to anything that happened, even if I asked for it. That I didn't even know what was happening to me. It doesn't feel that way to me. On paper, I get that.",0.0,0
61,"That's why I've come to you guys. \- If the formatting is weird, it's because it's midnight and I've edited this damn thing so many times I want to cut off my own hands so I can't torture myself with editing it any more. It's probably garbled af. Yes, I did proofread it, but I can't guarantee quality because it's midnight lmao. I'm super tired.",0.8,0
63,Child Sexual Abuse is a huge problem which needs ending. Children never build a true sense of self and emotions if someone takes it away from them. I don't want to be seen as a victim. I just want people to know I understand them and hope this will make them happier. Thank you for reading and have a good day,0.8333333333333334,0
65,"I told him that even though I prefer living on the west coast, I am willing to try living anywhere in the country except for DC, and even then I could do another year or so there, but I couldn’t fathom the idea of spending my life, setting down roots, and starting a family there. He doesn’t seem keen on the idea of doing anything else. I guess I’m just looking for some perspective. After having this big talk we both expressed that we really, really don’t want to break up. Then I begin thinking, if I’m unwilling to move back to DC, and he’s willing to place this notion of an ideal career ahead of me, do we really love each other that much?",0.6,0
74,"I never thought I'd actually be homeless without the drugs. It's kind of like regular camping, except instead of raccoons and bears you gotta look out for tweakers, creeps, and J-cats... I plan on starting a work program soon, I've already signed up with probation, and I'm starting to be my own friend again. Laughing has helped too. Endorphins and oxytocin are getting me high as FUCK.",1.0,0
75,"We talked for almost 2 hours that night and she insisted that she didn't want to end things, just wanted to slow it down for a while until she was comfortable. She told me she had just gotten out a relationship before we met, and didn't intend to have such strong feelings for me and now she is just scared. I actually ended up really liking her which has been rare for me lately, so this is something i would like to hold on to if at all salvageable. The problem is we barely text (once a week or so), and have not hung out since that party. Is this a case of 'Just not that into you' so she's just trying to be nice?",0.6,0
76,"It certainly seemed like we were both really feeling it, and ended up sleeping together after the second date (realize this is a little soon). After the first few dates we decided to host a party together around the holidays and for some reason after this her interest level dropped severely. Told me it was moving too quickly and she was scared that it was headed toward something she wasn't ready for. I backed off after this, eventually called her a few weeks later (because communication between us had severely slowed down). I attempted to end what we were doing because i could feel she wasn't interested anymore.",0.8,0
77,"My (now ex) boyfriend (19M) broke up with me (20F) 4 days ago. We would have been together for 6 months this Sunday. However, the way in which he did it leaves me wondering if he left the door open or not. The reason why he broke up with me is that this coming semester, he will be working/in class for 12 hours a day and he doesn’t want to put me through that, since he won’t have enough time to give me. He then said that he didn’t think this would be the last time we spoke, and that we would somehow find our way back into each other’s lives eventually.",0.6,0
79,"I’d appreciate any and all tips or suggestions about how I can best support her. My heart hurts knowing we won’t be dating anyone soon, but I love her so much I want to give her time and space to heal. In the meantime, I’ll work on being the best version of myself. TL:DR My girlfriend and I broke up due to a job that puts us 5 hours away.",0.0,0
85,I just wanted to say thank you to everyone that posts on here. I just found this subreddit yesterday and reading all of your guys' posts have made me feel so much less alone. Knowing that other people understand what I'm going through for some reason has helped me tremendously. Particularly a post that someone made about feeling like their trauma isnt real and like convincing yourself that it didnt happen. I have felt like I'm crazy for years because I was in such deep denial about what happened to me.,1.0,0
86,"How can I be a good boyfriend in this situation? I don't think she should “give up having friends” and I think she should hold on to the ones who suffer from similar issues and understand (and some of them are also great, kind people that she should hold on to regardless). I think spending time with other people than me is good for her, but she is so afraid of ruining things for others. TL;DR: Girlfriend has anxiety attacks and cancels plans with friends, not all friends are very understanding. I know how to comfort her when she's feeling down, but how do I otherwise support and advise her in the best possible way?",0.6,0
89,"Btw, I am only an exec.... I am afraid to have a gap in my CV, but for once in my life I want not to worry for a bit. Of course, during the next period, I will apply to jobs but I don't want to rush and take the first  offer. Anyhow, have you ever experienced something like this? What did you do to overcome it?",0.6,0
91,"I can't support their relationship on any level. To make it clear, neither does my mother. She only allows him to remain here because he'd be homeless and be forced to move hours away to a place with almost no transport and he'd take my sister with him (he did it before. It culminated in the allegations of cheating and the choking), and that's the last thing we want. Better the devil you know and your enemies close or something.",0.6,0
95,Last night one firmed and I were texting about something unrelated and B was brought up. I basically told her that I have distanced myself from B because of XYZ. She said she understands but B has been really nice lately and has been supportive of her pregnancy and has bought the baby tons of stuff... I don’t know why but I feel weird about that conversation. I even told her that I refrained from telling anyone for so long bc I don’t want anyone to view her differently.,0.8,0
96,"My sister is an alcoholic, which is something that seems to run in the family. Everytime my mother invites her over to spend the night, she has to hide all her beer and wine in a futile attempt to keep my sister from drinking it all. However, my sister always sneaks alcohol into the house anyway, and is drunk by nightfall. Then the arguments start. Usually they start over something like dinner not being done soon enough, or because my mother found the boxed wine my sister smuggled in, or because my mother simply said something that stuck in my sister's craw.",0.6,0
99,Hi everyone. For a few months now I haven't been able to get this off my mind. My abuser was my cousin who is 5-7 years older than me(24F). He is very close to my brother and father. His dad is a wonderful person and my favorite uncle.,0.0,0
101,"Best friend knows I have anxiety and I am always asking her if she's mad at me. Well, yesterday she asked if I wanted to go to the beach next weekend, I said yes, and then today I told her I couldn't because I was supposed to watch my sister's kids. She wants to know why I don't take them with us. It's a two hour drive, and I really just don't want to go. But then she says that I always say no when she asks me to go somewhere with her.",0.6,0
103,* I refused to fold his underwear. Just a couple smacks this time. (age 9) * I couldn't convince my dad to sign adoption papers so stepdad could adopt me. Late nights with mom ensue and I get special attention from stepdad for a week or two (age 7 or 8),0.0,0
104,"Sister and I were watching the three VHS tapes we own on repeat because we literally don't have anything else. (I know, sorry for the whining. I feel very lucky that we even had a TV to share.) I should mention that this was to bully us as prior to this Dad sees me literally falling apart, starts playing video games with me more often. We get a PS2 to share and keep at his house (Jak and Daxter Bundle, so it was new and expensive) with what little money he has.",1.0,0
112,"Spring 2102 I began to see a man that I worked with and that only made my roommate jealous and angry. I went to a pdoc (who was basically a pharmaceutical dispensary and appointments only lasted 15 minutes) who diagnosed me with ADHD, generalized anxiety disorder and caffeine dependency. My ex-roommate(who had PTSD from fighting in Iraq and BPD) became jealous that I was hanging out with and spending all my time with a man that was not him, he began to hide my prescription anxiety and sleep medication so I would have to spend more time at my apartment and with him. Late summer 2012 I was able to catch him doing a series of illegal things, had him arrested for petty theft and evicted him from the apartment. I spent a couple months more in the apartment and ultimately ended up moving in with the man I had begun to see (he and I have now been together almost 5 years).",0.6,0
115,"I feel terrible for saying this  but, He went away for month and sadly i noticed our family was a little happier and more functional with out him. Recently He's moved from beer and onto spirits, this is where the problems begin. For some reason when he drinks beer he's mellow and approachable. Now that he's drinking spirits. He is the most distingusting person to be around.",0.0,0
123,"I never did, but I pretend that I did, and I'm still in contact with her. Nobody would ever guess that I endured what I did. I'm in a competitive medical sciences program and thriving. I've had a wonderful boyfriend who supports and loves me unconditionally, and he knows everything that has happened to me. His mother is great, I love her, and I have aunts that I latched on to for maternal support.",1.0,0
124,"I'd never heard this idea until recently, and I'm starting to see it cropping up more, always in opposition to any kind of support (or even empathy) for the homeless - any attempt to help the homeless is pointless because 'most' homeless people want to be homeless; therefore housing programs/assistance, mental health & substance abuse support are wasted because the homeless are too lazy to get themselves out of homelessness and 'enjoy' their condition, because they don't have to work, because they don't have to pay bills, because they don't have responsibilities, because they're lazy etc. I strenuously disagree with this, and I feel like it's an attempt to move the goalposts; there's a growing awareness that homeless people may not necessarily be homeless because they got themselves into that position and they 'deserve' it, but because of substance abuse issues and mental health problems, coupled with a breakdown in social network. But that's a lie, or 'lefty propaganda', for some people; they want to believe, despite whatever legitimate reasons some homeless may have for not being in shelters, say, that it's a *moral failing* \- going full circle, they don't deserve help because their homelessness is a consequence of decisions they made. Thoughts?",1.0,0
125,"We had begun to get more sexual, having to say hey let's not do anything this date instead of just doing something when it naturally happens and when we want it to. The reason why I told you about February is that I'm having that same feeling about being with someone else, only this time it's directed towards a particular girl. I've known this girl since 7th grade, I met my girlfriend in 9th grade when she moved here. I asked her out before my girlfriend and got lowkey denied, but she was too nice to tell me straight up no. I've changed significantly since then, however, and she's been subtly flirting with me for about a month.",1.0,0
127,I have a question about my ex who has a past of violence against women. I was never warned about it but I found out he was violent and I left. His ex has a full life restraining order against him.Now he is on probation for assaulting a police officer for 3 years in the past year he has gone to jail three times for domestic violence. His latest trip to jail was last week for domestic violence his third time. I was wondering what do you think his punishment will be since he's not learning his lesson from the punishments given to him and he just doesn't care.,1.0,0
131,"I brought it up to him (assuming this forum would tell me to) and he got very livid at me. Now we’re not speaking (His friend is still at his house). Not sure what to do. TL;DR: bfs friend from out of town is staying with him while I was away. Not sure if they are doing normal friend stuff, or if my bf has a crush.",0.0,1
138,"I’ve truly been inspired to be more generous with complements and lifting others up. I’ll never know what affect it may have on someone! 💕 it could make their day. Also, it gets me outside of my own head. Just wanted to share my positive experience and possibly inspire someone to share kind words throughout the day.",1.0,0
139,"So I texted her a message saying “7:45” , I sent it with the quotations to let her know that she’s late and I’m starving. So F2 responds to me through her phone, by voice message. She gave me a very sassy attitude telling me to “remove the pipe from my ass and eat a snack”. I had already needed to eat a snack since they made me wait a half an hour, I don’t think that her response was warranted for what I said. I get what I said was a little petty but I don’t think I deserved that attitude.",0.0,1
140,"She’s in play therapy once a week but haven’t seen noticeable change :( We have a worry doll and box, practice being greatful and do cosmic kids yoga, i don’t force her to do things but her teachers express concerns about her and we  were recently told not to continue doing dance because of her non participation and separation problems.",0.0,0
146,"this was something he did with my mom as well when they were together, just as some sort of weird game, but it's till like kinda invasive, right? there was also a game called try to get out, he'd pin me down or hold me in various positions and i'd have to try to get out. he'd kiss my neck sometimes too even though i didnt really want him to, ""neck kisses"". i'm pretty sure i expressed my discomfort and he was pretty dismissive for at least a while, although it stopped at some point, but i was at least 9 or something and this stuff was still going on. my grandma says he treats me more like a wife than a daughter.",0.6,0
148,"I dwell on negativity quite easily and am I easily impressionable to brooding. I tend to express myself intensely to people without realizing it, giving the wrong impression because it's natural for me to be intense, but I am also quite composed and can for the most part be 'chill' but it's just that I only have two parts to me, a 'chill' way of expressing myself, and a passionate/intense way of expressing myself, so I come off the wrong way without realizing it when I think I'm being normal. People say that I'm a great person and easily liked but I don't realize sometimes how my expression and tone may come off, and people naturally give me a benefit of a doubt that I'm just passionate. My jealousy is extreme, and it causes me to be a questioning type but I use subtle ways to get information so it appears as normal a  question because I have attachment issues and fear of loss. There is more to explain but I got to the bare bottom of the issue after realizing these habits.",0.8,0
150,"But that's it, just okay. Very recently she has become very very self absorbed, cold and not supportive of me and my goals. She's doing her Masters, I try my best with everything that I can for her, she suffers from generalised anxiety disorder so sometimes she can't even go outside so, I try my best to help her in anyway I can. I pay for her books if she needs some because she can't really afford them, if she needs food I help. I say this like I mind and, I don't I really don't.",0.8333333333333334,0
153,8) I am not a resident of Nevada or any other state. I have been out of the country for almost 20 years. 11) How can I apply for food from the food bank? I think I will be camping about 60-70 km from the city. I have no problem carrying the food.,0.0,0
163,"I was laid off work temporarily and the insurance I was getting stopped over a week ago suddenly. I can't get back to work until next Monday earliest. I sold some stuff online locally a few days ago, got more stuff listed but it's not moving and almost all of what I made online went to fee's when I renewed my license plates. I have literally nothing but a few days more of plain rice left. I figured I may as well give this sub a shot.",0.6,1
165,"I developed and was diagnosed with PTSD 5 months later. I was having trouble sleeping (still kind of do), hypervigilant, moody and suicidal at times. I never thought I would make it through...but looking back,I used every single coping skill possible to survive, even if that meant calling crisis every day. I'm not perfect today but I really see the light at the end of the tunnel. I look forward to my future.",0.0,0
166,"Hi PTSD forums, Selective mutism has been something i have been afflicted with for 7 years since middle school. It was only in senior year of high school that I began speaking again thanks to the help of a few friends whom i no longer am in contact with and also my football coach/teacher. Now in college however I dread presentations. Often, I would lock down and say one or two sentences and after that say ""i'm done, ill hand it off to my group member"" or I would splurge out incoherent sentences that have no purpose or thought behind them during presentations and people would have a confused look on their faces.",0.6,0
167,"How do I handle this without looking petty or selfish? ** **Edit: I'm getting a lot of replies telling me that I just need to stop letting her push me around. I know that, and the whole idea behind posting here was to get some advice on how to do just that. I truly appreciate the advice that most of y'all have given me, and will definitely be having a conversation with her letting her know that it's nothing personal against her, I just don't want to have a workout partner at all.",0.6,0
170,"After getting startled, I have this thing where I'm really angry and defensive for 30-120 minutes afterwards. I can put myself in the most calm of situations, but the duration of this seems to be somewhat independent of my environment. I'm guessing this is because my PTSD brain does not respond well to stress hormones? Sometimes I try to push through it and just go about my day anyway, but it's usually counter-productive. I'd like to train my service dog to alert to the physiological change.",0.0,0
172,"This question is not meant to be disrespectful in any way, shape, or form to people who 1) are actually diagnosed autistic, or 2) are in no way autistic, but just suffer from severe social anxieties. This is just about my experience and people who may relate. So, throughout my life, I sometimes struggled with the feeling that there is something ""different"" about myself. A lot of the time I've convinced myself it was just because of low self-esteem, paranoia, or a desire to have some type of diagnosis that would help ""solve"" or explain my awkwardness or social issues. People warn me not to jump to conclusions and it's easy to self-diagnose online in this day and age.",0.8,0
173,Maybe anyone with a history of abuse or trauma can tell me if there are particular things to be sensitive to here: I tried to be supportive but obviously failed in the end here. She's talking about wanting to divorce me. We're looking into couples therapy. I really appreciate any insight or advice. **TLDR**: Wife is working on an art piece that is important for her career in the arts non-profit world.,0.5,1
174,"He is our little angel and we are both gaga for him, but money has been extraordinary tight, adjusting to parent life and sleep deprivation has been tough for both of us. We were fighting and bickering a bit for the first time in his first months of life, but I figured that was normal for new parents. I work in the financial industry for a modest income (working hard currently to get to the next level where I'll make substantially more) and she works for an arts-based nonprofit. I have no particular attachment to the financial industry, it's just been a way to pay the bills and I find it interesting enough. She's a passionate artist though, always knew she wanted to be one, and it's really important to her.",0.6666666666666666,1
176,"She was soon Baker Acted, and spent a week in a mental hospital before she convinced her parents to somehow get her out. A few weeks later she begged me to take her back and see how much she had changed, and I did. She's on medication now and still seeing a therapist occasionally. However, after a few months things reverted back to how they were before, minus the suicide threats. Fast forward to the present.",0.6,0
178,"Hey guys, how are you? So, I've been diagnosed with anxiety disorder for 6 years now, though I know I've had it for more than ten years, I just didn't know it was an anxiety issue. I'm a 30 years old straight dude who started struggling with anxiety when I started to think I was gay (now I know this thing is called HOCD, but at the time I even came out as bisexual to my mother). After I went to therapy hoping to accept my sexuality, I discovered my problem wasn't self acceptance but an anxiety disorder, so that made sense, because I came out as bisexual even though I don't feel attracted to men. I thought I was burying my desires or something like that.",0.0,0
180,"My PTSD was starting to flare up (due to potentially having to go back into the traumatizing situation) and I asked for assistance finding low cost therapy for that in my city and I was given an address to go to for that, as well as a program name for my physical disability. I went to the place about the therapy immediately, I also asked about the program which they had never heard of. I googled it and it says that that specific program is for a very different demographic living in group homes. I was confused but accidents happen with names changing all the time in government programs and such. When I went to my follow up appointment with the social work place, the front desk lady said I didn't have an appointment.",0.8333333333333334,1
184,"He would refuse to kiss me or touch me because I was a contaminant and he would obsess about how clean and lovely Japanese idols are, etc. He would often say to me that if he ever met an Asian woman he would dump me immediately. The sexual requirements were a very stringent hygiene ritual, followed with putting on one of his idol videos and I would dress as whatever the girl was wearing such as a maid costume or whatever. He would keep his eyes on the screen while I basically gave him a blow job. Very rarely he would have sex with me, I suppose because it would mean having to look at me more than the screen, so he'd prefer just a blow job.",0.6,0
187,"So I've had PTSD a few years now, coming up on a decade as of December 2018, and in the last year or so I've undergone a lot of change, for the best. I figured since I've found these things to be very important in my fight against this, that I'd share them here. First thing first is to mention therapy. You've got to do it, and it's going to fucking hurt. Medication is also important if you need it.",0.6,0
194,"This lead to a series of tests which basically showed that he had developmental issues and as he only ever eats junk food and soda showed that hes pretty much decaying. He has some memory issues now and can't really be trusted to live on his own like he could but he'd need a care taker to come in once a week to make sure he's eating, hasn't burned the house down, etc. Anyways I bring this up because at this time in life I was praying to God to kill him or to at least get him out of our lives so I took this incident as either A)Gods way of making me eat my words or B)This was the answer to my prayers as he technically is dying by grdual decay.....slowly",0.0,0
197,"I’m  asking yall how can I live life properly? Immediately after I threw up  in year 2, I never feared it happening again. I admit when this happened  I was in tears, and same in year 3- I was crying next to my mum by the  toilet but it was over quick and again- I was eating chocolate again the  day after. But now, nausea? Stop eating for the day.",0.6,0
199,"I'm sorry if I didn't post this in the right place and such, it'd be really comforting if someone had this as well and told me about it. edit: another way to describe it may be a million thoughts at once. it's really irritable. It's not like I'm thinking ""what if"" as I have seen many people describe, it's just random things, imagine 100 TV channels playing at once and you know what none of them are about or to do with you. It's also very sudden, like an attack.",0.0,0
205,If I am to survive I must defy him I'm leaving this behind I'll go so far away He'll never find me I know that I'm Making that the last time,0.0,0
216,"I sent a respectful email to my primary psychiatrist explaining my thoughts on how it was inappropriate to have Paterno's picture prominently displayed. Am I fucked up in the head for thinking this wrong? In the past, I had a mild traumatic brain injury. Sometimes I over react. 24 hours post appointment, I'm still bitter about the Paterno pics.",0.0,0
217,"In a day I went from broke and facing a dark, foreclosed home with no utilities to having enough money to totally catch up on all my bills. Then I had an appointment with my psychiatrist and case worker at the clinic I go to. I shamefully told the doctor there that I had been out of control, off meds, binging on alcohol and not following advice. She explained that it was not surprising for someone with my condition to lose control with all the stress I was facing. She increased my prozac dose and made appointments to follow up and see a therapist and reassured me about many things.",0.6,0
225,"Now they didn't know about HF autism then but the signs were there. Bullied in school and at home, I just shut down at about age 10. Went to school ,went home , didn't talk to anybody. The schools noticed. Parents were duly notified but nothing was done.",0.6,1
226,"Hello everyone, A very close friend of mine was in an accident a few years ago and deals with PTSD. He has horrific nightmares that wake him up and keep him in a state of fright. We live in separate provinces, so when he does have his dreams it is difficult to comfort him. Each time he calls, and I struggle with what to say on the phone.",0.6,0
236,"New to this sub. Here is some background information about myself. ------------------------- I developed anxiety in my freshman year or high school. The traumatizing event happened when I was young, but an event when I was older triggered memories and sensations, and from then on I have dealt with axiety and panic attacks.",0.6666666666666666,1
241,"I feel like I am just being written off because of my diagnosis before anyone even tries to look into it and see if anything else might be at play. I'd just as soon not say anything about my PTSD to be taken seriously, but it appears in my medical records. Or when I list my medications as required, Drs usually ask me what the meds are treating and it comes up then. Has anyone else had this experience? What has worked for you to be taken seriously?",1.0,0
242,"I can't guarantee that I will never change my mind, but I've never dreamt of happily ever after, I don't really believe in eternal love and soulmates and all this stuff so I guess it's not really likely. I'm not asexual or aromantic, I love sex and I love him in a non-platonic way, I just can't compromise on that kind of thing, I wouldn't even know how to do it. I could meet his family, pretend to like them, pretend to bond with them and pretend to care, but that's really just lying to make him happy. I've tried it before and it makes me hating myself and them. I've always told him the the truth about the level of commitment I'm comfortable with, but nevertheless I feel like I'm leading him on.",0.0,0
246,"I have been suffering from anxiety and panic attacks since I was a teenager. I have been to the ER more times than I can count cause I thought I was dying. For the longest time I thought that I was the only person who this was happening to, until I met a girl who was going through it too. It felt good knowing I wasn't alone but I still was in the dark and scared. As time went on I met more people who were going through the same thing and it really helped to have some one to talk to who knew what it was like.",0.6,0
247,And I'm feeling continuously happy for the first time in a long time. But I'm pretty sure it seems crazy to anyone watching. In short: Has anyone recovered from trauma and felt this way? Has anyone developed schizophrenia or a bipolar disorder and felt this way? Is it okay to accept this?,0.0,0
254,"I don't know how to maintain my relationship with my brother while he still lives under my parents' control \(which covers everything from finances, to communication with other people, to leaving their house \-\- or rather not being outside the house without them other than for school and work\). I'm lucky enough to have a few wonderful friends who supported me in various ways while I've been getting situated, but I don't know how to grow my friendships with them now that I have the freedom to. I got so used to not talking much to them as their other friends would, and I guess they're used to that from me. With new people that I meet, I find it very difficult to relate to their lives. I feel uncomfortable answering questions about myself, my past, and my background.",0.6,0
256,"This internet ban subsequently resulted in me failing my studies, and in turn lead to my parents despising my relationship. Needless to say, they had noticed a huge change in my personality on top of failing my studies. I want allowed to speak to these friends either. She worried that they would be finding ways to show porn to me, and made them out to be terrible friends, which I of course believed. I failed to mention how incredibly good she was at manipulation.",0.6666666666666666,0
257,"The police in Mt. Sterling, Kentucky were... decidedly unhelpful. The local citizenry sympathized with my plight in that respect. I had to hitch-hike back to Lexington. The most I've been able to replace ID-wise so far has been my ATM card and my pre-paid card -- I opened up an account at a national chain bank while I was here the past two weeks and my banker here obviously knows who I am -- and the temp labor place I had been working at had a copy of my ID, so I was able to get that information from them as well.",0.6,1
266,He seems hesitant to leave his friends and says he watches out for them. And he's not ready to quit drinking. Which is totally honest and fine. How can I be a help to him? As far as getting him some things he needs and any advice on what to say to him.,0.8,0
269,He pretty much told me that he was angry and disappointed and would probably not forgive me for a while and that I owe him. I was going to go... I still want to. I just am looking at either going to this wedding and being evicted or not going and dealing with the disappointment. I don't feel like I have a choice.,0.6,0
271,"I hate this feeling. I hate weddings, but I want to be there to support them... but I can't. <url> &#x200B; edited; For clarity",1.0,1
276,"If I'm home and I'm home 50% of the time, I spend my time online with my friends. Even then, it becomes an issue. Faultily, there are days which I do spend the whole day playing with my buddies. But they were the only people I had interaction with outside of work anymore.   Btw, my girlfriend and I also work at the same place.",1.0,0
277,"One friend went to the same college while the other didn't, but we still kept in touch. Obviously, that didn't go so well. For the friend in the same college, I thought that just asking her to meet up and talk would be nice, but I feel I was too persistent, and she broke all ties with me, asking me to never contact her again. The same goes with the other friend. I tried to keep in touch, but I guess my methods were totally wrong and creepy.",0.7142857142857143,0
283,"He was my best buddy in high school and we’re still really close. And my girlfriend, who goes to school in DC, is home too so I can see her. I’m grateful for them but wish I had a bigger friend group from home that I was still close to. I’ve loved college, but haven’t really found a new best friend yet. I’ve still kinda struggled with feeling like an outsider and not really fitting in.",0.0,0
288,"This probably sounds super lame but I'm really, really proud of myself. I feel like this was a huge step in healing from my trauma and allowing myself to exist beyond what happened to me as a kid. I feel like one of the reasons why I felt so comfortable was because we talked a lot about boundaries and stuff beforehand, and I mentioned that I'd been sexually assaulted in the past and that I might need to stop if I start freaking out, and she was really understanding and sweet and always really communicative. Stephanie and I both agreed that we should definitely go on a second date. I'm just really happy and gay and proud of myself and Stephanie is really cute that is all",1.0,0
290,"She literally said that I don’t even count as a boyfriend. --- Fastforward to now - or for the past few months to be precise, where an incredibly hot girl messages me on Tinder and asks me out. I delay meeting her and although she said she's fine waiting, she's still completely out of my league, and because I don't want to come off as desperate, I let her message me most of the time. Anyway, after a month we finally meet up, and it goes incredibly well.",0.8,0
291,"Almost too well. She extends our date twice, buys us a drink each, starts a make out session which lasts for 2 hours, calls me hot, and although neither of us had a house free she gave me oral too. Although she said she had a great time - which I replied to - I then waited to respond to her next message, and I don't know if that killed any momentum because I was already very delayed when we first got talking of course. Anyway, despite our great date and a second one lined up when I asked her out a day later, she ended up cancelling on me, and then told me a week later that she got more serious with another guy - which to me only translated as him being hot and me being ugly. They broke things off a week later, and she did ask me out again, but at one stage I annoyed her with a jokey message.",0.6,1
292,"She said she always had to message first, and she decided to completely blank me when I apologised, and that was that. The first girl to ever express proper interest in me in my life ends up going completely down the drain. I don't know if it was because of my own management of messages or me being unattractive in general, but despite this great date occurring I only feel absolutely awful because of it in the end. Oh, and to rub salt into the wounds I even noticed she unliked my profile picture of all things. Ouch.",0.6,0
293,"I stayed in Africa, I was only one month into the program and was too proud to leave. I must have horrible luck because I experienced two more horrific events while visiting Dar es Salaam...things I won't get into. For now, I take Wellbutrin for the depression, but still feel myself flinching away from people on the street, or am scared I am being followed or watched. On a positive note, I've grown a ton, learned a lot, and am still kicking ass in this world! Here's to three years and many more anniversaries!",0.8,0
298,"He loved to learn, he said. I felt his hope. Being free of homelessness is more than just having a roof. I hope he is on the path of thriving, not just surviving. Education is a ladder that nobody can ever take away.",0.0,0
311,My siblings and I went through a lot growing up. You would think it would have made us close but for some reason we were never close. For some reason I was the most outcast-ed. To this day if I were to bring up the childhood abuse they would tell me that I am dramatic and that it wasn't THAT bad. They will even say they respect Jay.,1.0,0
314,"I've been renting since university and I'm getting sick of seeing the same amount of money I'd pay towards a mortgage go into the pocket of someone else. I have a junior role in the company, it's going somewhere (I hope) but not fast. I find financially I'm staying basically cash-neutral and my quality of life isn't brilliant. I'm not managing to save anything. I've been thinking that I should get a house with the money I inherited.",1.0,0
317,"He broke up with me, accused me of lying about my cousin, saying he never heard of her despite the fact he has. I ended up sleeping with my friend that night. Then there was the issue with him threatening to hide my belongings with an unnamed friend. I wouldn't get to know who. A whole bunch of crazy ensued.",0.8,0
318,"I asked him what happened to his hand, and he told me that the hood of his car slammed down on it but he's fine. When we got home Jude pulled me to the side and told me Coop is not fine. He told me Coop can't move it at all and it's a problem. Coop doesn't like doctors. He looks at Doctors and Nurses like they're the Grimm Reaper or something.",0.0,0
322,"Then I came home.      My Mom pointed it out first, I went from being the class clown and the life of the party, to being the quiet guy who stood in the corner of the room. I went from a musician and avid gamer, to having no interest in any of it, and no replacement hobby. The things I had the most passion for in life were gone. It was like someone removed one of my five senses and my soul at the same time.",1.0,1
330,"Hey everyone. Been subbed for a long time and a lot of you guys helped me realize a few things so I thought I can try to help back. I’ve been dealing with anxiety/depression for a long time and never really done anything to deal with it. (Family didn’t really believe in that kind of stuff back in the day) I always believed that I had a passion for extreme sports like skydiving, water rafting etc etc. which is one of the reasons I believe I have anxiety maybe (adrenal produces slightly more adrenaline causing my body to be in a constant flight or fight state).",0.6,0
332,"I'm currently between jobs and looking to make money in any way I can, so I was wondering if anyone would be interested in buying a cross stitch commission from me. I can do any type of pattern or design, in various sizes. Here are some examples of things I've made: <url> I would really appreciate any help I can get! Times are rough and my mental health is not great right now, so it would be nice to have something to work on that would also help me pay my bills and medical expenses!",0.6,1
336,You can still trigger them even though you are a good guy. You can still get offended when they tell you they can't trust you even though it is the PTSD talking and not them. You feel like a failure when they tell you they feel hopeless and that nobody can help them. It really sucks when all you want to do is love them and they can't accept it or feel it. Especially when they are the most amazing person you have ever met when they are not triggered and in their right mind.,0.8,0
341,"That is 100% manipulative and wrong. Just because someone is your biological parent, it doesn’t mean that they are worthy of respect. A biological parent is just as capable of hurting their child as anyone else is. More than, if anything. You made the decision to create a household and you showed that you were only ever happy with it when you benefited from it.",0.6,0
343,"Yo? Awww!”* You downplayed what you did. You looked at my hurt as a cute and lovable thing. This wasn’t the first time you reacted like this. Whenever I told you the way you used to make me feel or if I reminded you of a situation in which you were abusive, you would do the same thing.",0.8333333333333334,0
346,"That will never go away. I’ll be right with you cause family comes first and I don’t want Mum and Dad to feel in the middle of it all anymore. Its going to take time. I again left it a few hours, but I felt incredibly annoyed by her reply, which I felt was very dismissive of her own actions. I decided to cut her out.",0.8,0
347,"I have an extremely ironic sense of humour and my friends seem to get along with it. So it's generally easy to be extroverted around them, especially with the alcohol that is usually associated with our meet ups. I opened up to two people, one of them is my best mate he just took everything in and offers me support when I ask for it, but generally stays away from the topic. The other person is a girl who confessed her fucked up brain to me, and I impulsively did the same back. We talk about each others feelings a lot, and I think that helping her is one of the very few ways I can feel any sort of happiness.",1.0,0
349,"Is he that desperate to see me? Why does he do this? If his friends don't mind and I don't mind, should I even be concerned? Maybe I'm blowing a little issue out of proportions but just curious to hear what others have to say! Thanks for reading!",0.0,0
350,"Recently however, he's been becoming more desperate with wanting to see me after him and his friends leave the bars. So desperate in fact, he'd be wiling to ditch his friends. In the past when he'd come over we would play video games, eat some food, and then go to bed. We have sex quite frequently, but never on these types of nights when he's drunk. We'll make out, and fool around but in most cases, no sex.",0.0,0
355,"He felt my chest and sort of kissed my abs, all this weird stuff he never did before. We did it again the next week and he seemed more into it this time, like a lot more. I have never seen him like this, ever. He started moaning and shit, and all this weird stuff, and then near the end, he literally kissed me and sort of got on top of me. We've kissed before for the webcam, but we pretty much never kiss besides that.",0.0,0
356,"I've always had this slight urge to drop out of society since my early teens. Nothing I've taken all that seriously until now though. Just thought it was a bit of a childish fascination with going against the social norm. Anyways, I simply just think I'm not cut out for what the world has become. call it pathetic or what you want.",0.6,0
359,"It’s getting up above 100 here, and I’d like to have something I can easily carry in my car to give out since I’m working deliveries. Unfortunately I’ve been without a steady job for 6 months so I can’t do to much, but I was thinking about buying a bunch of plastic water bottles, freezing them, and carrying them in a cooler in my car to give out when I’m at lights. Would this be helpful? What other small or inexpensive things would help make the summer a bit more bearable?",0.6,1
361,"I'm in a nursing program, and we're talking about domestic violence. It just so happens this lecture has been on the syllabus since day one, I just have impeccable timing. My question is, should I talk to my cohort about my experience? I feel that it may make them more aware to see and speak to someone that's been in the situation. I feel its important they know how police treated me, and the fact that the first people that showed empathy, the first people that asked ""are you okay?""",0.0,0
362," I know about the whole insecurity thing. Ive delt with it for over a year which is roughly how long we've been together. She is a senior in high school and I am a freshman in colllege so we spend a lot of time apart. In high school since we were together a lot I'd say it was worse.  We broke up for a short while, but realized we didn't actually want to.",1.0,0
368,"Hi! I live in an apartment block. There are 6 door entrances within a 5 meter proximity, so we can hear our neighbours slightly if they're very loud. I live next to an asian women I've never seen before. I don't know if she lives alone.",0.0,0
369,For me it would start with rent. We got approved for an apartment but some shit happened and we don’t have 1st months anymore so we can’t move in. We still have time to come up with it but I doubt we will before the deadline. After we got that I have an employment opportunity lined up but I can’t start the job until after the baby so I’d just have to manage to keep the rent paid until Dec which would be after due date and minimum recovery time. After that I’d just need to make sure I had some decent savings up by then to get everything I’d need to start the gig.,0.0,0
376,"If he's the textbook abuser, she is the textbook victim. She keeps giving him chances and accepting his apologies and living in this cycle of abuse. She thinks she's the one doing something wrong. I keep telling her that the only thing she is doing wrong is staying with this guy and thinking he will change. I tell her she does not deserve this treatment.",1.0,0
381,"I was at my first party with her and I got really drunk and when im drunk i like making out with all my girl friends, not long kisses but with tongue. My boyfriend is fine with this because its girls but I eventually kissed her and it was so nice, not like any other friend. We ended up in bed making out for approximately 2 hours. We became even closer than before and we had sleepovers every friday, just her and me. We would get drunk alone together every time and then kiss more and also go a bit further for hours.",1.0,0
389,"She told me that things had to go back to where we were before we ever went to the concert. I agreed, and stopped talking to her aside from professional responsibilities. NOW... in that period of time since two MAJOR things have happened. 1. Her mother was diagnosed with cancer.",0.6666666666666666,1
393,Still had moments of anxiety but I got through them. We can do it guys! It's so tough and I know I'll have bad days but hoping that the good days outweigh them. Completely shattered now though. Could sleep a million years.,0.8,0
401,"Now I’m in a healthy relationship. This man is the love of my life. He always pushes for me to be better and I resist it sometimes. I’ve turned on him fearing him having a dark objective, and I don’t understand all my triggers. All I know is sometimes I see my incredibly loving boyfriend as my incredibly abusive ex and it breaks my heart because he’s the only person that tends to me so well... he does everything he can to help me always he saved me from that awful relationship... he saved my life.",0.8,0
404,"My main obstacle now is getting said training. Everything is in the city and it's so loud and bright there. I have enough blankets for now. And I'll give my kitty to the humane society before conditions are cruel. I'm not a monster, I'm just not quite ready to give her up yet.",0.8,0
406,"To the typical bystander he looks to be in a bad way, but actually he’s happy. He had a mental breakdown over Christmas and was sectioned. Because of this the social services have been visiting him and due to their insistence of better accommodation, he has had to use his savings to buy a shed which he now sleeps in. He is profoundly proud of his self sufficiency and freedom and desperately does not want to be put in a home or helped in any way. The shed (although better than his trailer) isn’t insulated.",0.0,0
407,"He is coming round tomorrow for a cup of tea and I want to broach the idea of knocking down his small shed for this larger and better insulated cabin, without offending or embarrassing him. How on earth do I go about this? TLDR: my blind neighbour is sleeping in a very small and very cold shed. He is profoundly proud of his self sufficiency. My husband and I have sourced better (mainly for peace of mind) but I don’t know how to broach the subject without offending or embarrassing him.",0.6,0
408,"7- If your children are no longer living at home, what kind of effect did this have on your relationship with your spouse when they left? 8- Are you in a career that you had planned to be in when you were younger? Have you been fulfilled in your career? If you could have done anything else, what would it have been? 9- Do you think someone can be completely fulfilled as both a parent and a career person or do you usually have to sacrifice one for the other?",1.0,0
409,"We’ve been together for 4 years now, living together for just over 1. He’s a very sweet guy, but at times he can seem childish. He’s always joking or making fun. But he also seems very uninterested in things, and to brutally honest if you saw his resting face you would think he doesn’t care about anything. It’s so relaxed with heavy eyelids and he speaks in monotone quietly.",0.8,0
412,"Backstory: My late grandparents home, the home I was raised and still currently live in, is being short sold to a relative by the bank. My grandparent did a reverse mortgage, died and their home went into foreclosure, got put up for a short sale, and is now in the closing process. The relative who's purchasing the home clearly wants to profit off of the home and is warning me that in the coming days it'll be time for me to go. Unfortunately, my next stop will be a shelter as I have no money saved up to move into an apartment of my own, nor do I make enough working part-time to pay rent, and I don't have many ready available options that I'm aware of. The only question I have is does the relative have to pay us to move out or can they just kick us to the curb without a penny?",0.6,0
419,"She is easily manipulated. She will believe anything anyone tells her. She is constantly finding a new naturopathic medicine to boost her immune system or whatever her problem is. After her separation, she REALLY turned to God and religion. She believes that her nephew was cured from something because she prayed (even though he was on antibiotics the whole time).",0.0,0
421,"Hello, This is my first time posting here and I'm not entirely sure what the protocol is or what the requirements are. That said, rent is due in three weeks and I'm worried that I won't make it in time. I'm here exploring options and seeing what assistance, if any, I could get to make it to next month. I share an apartment with my brother in Denver, who has a somewhat stable job and is able to pay his rent.",0.5,1
424,"Now that I’m single I find that I don’t have much friends I can hang out with. With the few guy friends I have we all just play sports together and that’s literally it, nothing outside of that. No one I can really be like “hey let’s go to this concert” or “Yo, let’s hit this party up”. I also feel like I’m kind of too mature for ppl my age, which is conflict sometimes too. I also genuinely want some gal friends and nothing romantic but just some girls to hang out with but I feel all girls just assume all guys have bad intentions or just want to get in their pants.",0.8333333333333334,0
425,"The few gal friends I associate with are either in relationships or kind of just brush me off or fake like they want to hang out but really don’t when the time comes. My school has no clubs whatsoever, so I can’t really meet anybody that way. I do go to a fairly small school though, around 7,000 students. I always wanted to be in that group that always hangs out. So I honestly don’t know what to do or how to go about this situation.",0.6,0
426,"They say, that I'm the anti-Christ, Look to God, don't question it twice, Dead man, because I did it thrice, Foolish man, about to be sacrificed. Don't cry over me.",0.0,0
428,"But once he explained his fascination, I was more sympathetic, but laid down the boundary that divorce talk can’t be a part of our relationship. My youngest never remembered her dad’s abuse, and is very upset that she doesn’t get to see him. My oldest remembers a bit more, but was not the victim most of the time, and also feels a little mad. It’s hard to talk about divorce without having the conversation about their dad, and it’s even harder to explain to them why they can’t see their dad. It was worse when they were younger, so I wanted to avoid the talk.",0.0,0
429,"I am unsure how to begin, but brief about me. I was a mess in my youth, half way houses, trouble etc, never got into drugs or drinking but did have a child young but her mother cheated then moved away, was sometime before we reconnected (she wanted child support and that was fine) but by this time I had moved to another country to get myself out of the existence I lived in. And this was going well, great career, started a family etc, all awhile building a long distance relationship with my eldest (not easy as they kept moving around). fast forward some years later, my eldest has attempted suicide due to many things but one being Aspergers making it hard for her young mind to cope with teenage hormones, so I made a choice to return to the US, to help her. I had to change careers, and try starting from scratch, brought my young family over and at first seemed all was fine.",1.0,0
435,"Moving on to the following workday, I went over to the shop to collect the dishes from the stuff I brought to the party. I had a beer and chilled with the gang. Then the owner of the shop busts out with his wife's concerns that he and I were ""after each other"". My not-so-savvy self didn't know what he meant at first. But as the realization washed over me that I was being suspected of an affair I was mortified horrified and shamified.",0.6,1
439,"But I'd like to reciprocate her feelings. I think I do truly love her, but I'm not going to fuel her infatuation by saying it. Should I just sit back and wait? What signs should I look for? Should I confront her again?",0.6666666666666666,0
447,"Best to work backwards. The first time I went in to an actual psychological professional to get them to weigh in on my condition was due to a flashback - The only one I've ever had and frankly pretty easy to deal with, which sets the tone for me. As far as the disorder goes, I got off pretty easy. Conversation to do with specific details of child abuse caused me to tap into a repressed memory of childhood abuse which I won't go into too much detail on in a public thread, though if anyone is interested in the context, I don't mind sharing over messaging. It was like when one imagines things under their own control - Conjuring images and sounds at will while still experiencing reality, but it wasn't under my control.",0.8333333333333334,0
448,"I'm not sure if he was lying to me, she never found out the truth, she s lying, I have no idea. I really appreciate everyone's advice. I then mentioned I was under the impression from my parents that we weren't actually related but that I was happy to talk to her and that I didn't actually know. She opened that message and never responded so I guess we'll see what happens. Probably last edit: she said she has gotten a DNA test with him in the last and it says 99% he is her father.",0.0,0
452,"Our sex life was the biggest irritant for me, as it had declined to fairly rote occurrences when I would push several days in a row every couple weeks. Spent some time or r/deadbedrooms. Last year she took her first international trip alone. When she returned, she seemed distant and cold. I eventually confronted her about it and she said that we had grown apart.",0.6,0
456,"Perhaps it is weird to process something after such a long time, but not really. I always felt strong at how I managed to leave, but I never had any closure. I got out of the relationship and pretended nothing ever happened. Just wanted to share I had an eye-opening experience tonight and I feel at peace about everything that happened now because I have deep down, stopped blaming myself. Looking back at every experience I had with him, the mental torture I went through, I cannot believe what I dealt with, but now finally feel ok.",1.0,0
464,"She tells me and her friends constantly about how this girl gives her butterflies, feelings of love, and worries out loud if she's gay/bi. Her boyfriend knows about this, since she talks to anyone she can about her life. He's a huge pushover though and doesn't seem to care allows her to continue texting and stalking this girl's social media profile. I'm okay with my sister exploring her sexuality, but I'm upset she's doing this to someone who takes care of everything for her. But he's okay with it, so is it any of my business?",0.8,0
470,"Pretty normal life. My dad has been suffering of severe depression as long as I can remember, but he always refused to get help. I didn't notice as a child; but it wasn't as bad when I was younger. It really got bad a few years ago, when I was around 15. He gets angry at very little things and when he does, he closes off.",0.6,0
471,"This weekend she had a breakdown and gave me the following reasons:  - I'm almost a momma's boy  - My mom shares an unhealthy relationship with her children (my mom has admittedly told my gf a number of times that she makes her jealous and I care for another woman, but that's because my mom doesn't have a life outside our family and is understandable. My mom however cares for my gf, buys her presents, keeps in mind her allergies and cooks her food that she'd eat, so I don't get why my gf would have an issue)  - Apparently it's weird that I spend all my time and don't like to hang out with friends",0.6,0
472,"When sis ""woke up"" as a teenager, she started raising hell about the singing evangelist father who'd held her by the wrist, telling her to ""watch and learn"" while her older sister was forced to copulate him. (Bro was hiding behind the clothes & sliding doors in the closet, watching through the crack.) Spouse had been threatened repeatedly with extinction (from the age of three until she was well-normalized at 13) to ""perform."" (Grampa got *his* turns, too.) Moreover, the perp beat and otherwise terrorized the mother into submission, and then manipulated her to get out of his way when my two step-daughters were left there by my dissociated spouse.",0.6666666666666666,0
474,"They looked nothing like my growths. She told me I was misdiagnosed. I didn't have an std. I had sebaceous epidermal cysts. Had I never had awful sex, then I would have never thought the growths on my scrotum were stds.",0.8,0
476,I always have to touch my face and trace my fingers along my body because it's so odd to know that I am real. That I am alive. I often now sit and think about what I am made of. How behind my skin is a complex make up of organs that keep my unique body and overly aware mind alive. I think how inside my skull is an organ that is thoroughly condensed and holds vast amounts of knowledge.,1.0,0
480,"I don't remember always being like this, but over the last two years or so I have had a few tumultuous friendships/dating connections with people (I make deep connections quickly, or seemingly deep anyways with lots of self disclosure and vice versa) and after things don't work out I feel like I am lost and won't be able to cope on my own. I recently started talking to someone again after not talking to them for a few months, there was no bad blood between us we just decided it would be best to move on and not talk anymore. They reached out first about a month ago, then nothing. I have been going through it at work, feeling overwhelmed and anxious and so I feel stupid for doing this but I began talking to them again. I feel better, even if its slight.",0.0,0
481,"But unfortunately it's so easy to lie. I really want to ask people who are on this subreddit, has this ever happened to you personally? Is it possible that someone actually catches feelings through the internet? Every comment would be truly appreciated. P.S: I'm sure he isn't a catfish, I wanted to share as little information as possible but if you really want to know you can PM me.",0.8,0
484,My abuse ended years ago. My life is good now. I'm about to get married to someone really wonderful. Everything is great. But it still feels wrong that I'm still alive.,0.6,0
487,SIL and BIL are seeing s couples therapist as well as individual therapists. SIL is adamant that she wants my wife and I to participate in group therapy with both of them and that my BIL wants to set the record straight and feels awkward around our family. He hasn't personally apologized for his actions and states that my SIL fell and hit her head on dumbbells in their apt. I do not believe him. He has only apologized that we had to deal with the entire mess.,0.0,0
489,"I was raised by a narcissistic grandmother and emotionally unavailable mother. In fact, when I was born, she tried to take it upon herself to take full custody away from my mother because apparently my mom was 'unfit' to be a mother. She never did because she found out that my biological father might have had to be involved. My grandma kept me away from my father my entire life, he barely knows I exist, I've never spoken directly with him, in fact, his identity was hidden from me for 22 years, up until last May. My grandmother was very emotionally abusive towards me as a child.",1.0,0
490,"I told her about the darkest parts of my soul, and she never flinched. Well, a few days ago, she says that I am too old for her, and she just wants to be friends. I have never been friends with an ex before. But I cared about her enough to try. New Years Day - she calls to tell me about how drunk she got at a party, and how they all played a kissing game (she was the judge, and kissed at least half a dozen people, men and women), and how she was so drunk that some of her friends had to babysit her and even help her pee.",0.8,0
494,"And it only took me three doctors telling me this over the span of 10+ years for me to believe it. Given all the crazy symptoms I've had, and that I really trust and like my current doc, I'm willing to believe it. So here I am looking at a bottle of Escitalopram (5mg, Lexapro generic) thinking ""so... it's come to this"". I've always been a shy one, but I thought I could handle anxiety on my own. However, 3 years ago I hit a giant anxiety wall (not knowing that's what it was).",0.6,0
